v1,v2,v3,v4,v5,target
-1.080577779,1.600579056,1.535083728,1.008655785,2.250832719,0
0.706084975,4.429138483,2.027769279,0.143986578,0.46329128,0
1.661950322,1.835639762,-0.954778878,1.108589474,0.296283943,1
-0.971924541,0.960859364,-0.180964777,-0.069456146,2.037581178,0
2.49385593,0.981168194,0.871473291,0.728067524,-0.168332686,0
-0.470741409,1.263223577,2.535406664,-0.347173767,2.42634571,1
0.421187234,1.068167763,2.765913167,0.53989644,-0.65494683,0
1.578296032,0.911028873,3.421407693,0.571792913,-1.141802994,1
1.404505824,-0.276992158,1.037190498,1.224115064,0.272169017,1
-0.508731847,-0.78034669,0.104129054,0.221284213,0.473685233,1
1.810697967,-0.6220415,1.067495392,2.560670763,-0.402196924,0
0.293939691,0.720939819,1.486410953,1.978870938,-0.277445471,1
3.028466168,1.893210052,1.417351042,2.476949065,3.144255929,1
2.019363656,0.709501714,1.397517097,0.347478632,2.409527534,0
1.024249212,0.192808226,1.513272562,1.2637538,2.494475669,1
1.127581721,3.514807093,0.498923483,-0.763252767,0.666430677,1
0.544450718,1.174653725,1.873652816,1.558837729,-1.00498569,1
1.949562503,0.516801665,2.350454732,-0.715456458,1.134471425,1
1.579586687,1.576718464,0.299457694,1.400648237,2.634559631,1
0.149727046,2.646083612,1.886186542,0.928039643,1.024130916,1
1.210194414,3.594159769,2.484305199,1.53406319,-0.153951573,1
1.205960856,2.118579504,0.548731148,2.199712925,-0.182643488,0
0.344917608,1.458860566,1.76962552,0.698038324,1.106060975,0
-0.979997305,1.228613044,0.502970279,0.359451407,-1.17497424,1
2.04067398,1.362041016,-0.250894434,0.184101124,0.177102115,1
-0.36752022,1.672995723,2.226451323,1.492475357,1.465777275,0
1.606159803,-1.283775042,-0.313591697,-0.983456353,0.475749258,0
1.688482044,-0.620327897,2.627593662,0.065707314,-0.290430764,0
4.057869582,0.792348659,2.17987821,2.079296941,1.27350523,0
-0.337614171,0.708526359,1.042457096,2.524869494,0.215921912,0
2.38095816,2.675625162,-1.285241355,1.851530176,1.146102517,1
1.070729546,-0.055728342,2.523586309,1.751697217,1.334729095,1
-1.224917676,0.987904699,1.087146785,2.918028087,1.130295307,1
0.465876708,1.081198722,2.536638441,0.809737298,1.759910646,1
0.467168202,1.05174358,-0.553651391,2.022853617,2.409646603,0
0.346855725,0.648849313,-0.695071308,1.354588035,0.605290207,1
0.35052526,1.138820241,2.034897238,0.007898268,1.480592768,1
0.457339578,1.755276038,2.590064826,1.383318794,-1.879762098,1
-1.139800464,0.947144899,0.463275777,0.124939081,1.099348765,1
3.179563526,1.488735853,1.142058283,1.982636695,-0.577070779,1
1.033190733,2.060752207,0.745459726,-0.086658286,-0.501106717,0
0.394541049,1.271388233,0.78988535,0.551065728,2.114776821,1
0.520333407,1.758527149,0.839509133,1.521494094,0.269922456,1
1.892232784,2.162680025,1.608042249,2.421762938,0.734756496,1
2.48593784,0.597037962,0.903013287,0.168118318,-0.53102058,0
0.514646731,0.637589044,-0.232154292,1.039445926,2.335308806,0
0.884027221,0.705266975,1.160344213,2.1054592,0.223722262,1
1.952976576,-0.022681622,0.862056682,1.339994774,0.054873461,1
2.875627125,-0.937029555,1.314899046,0.877011943,1.431851863,1
0.598234718,2.265954773,1.8314715,0.799632282,0.841393607,1
0.919665166,1.274111008,0.778324508,2.048506449,0.140268314,0
0.958182817,-0.107882379,1.594390108,1.091503421,0.76530556,0
0.907522414,1.699662275,1.436866691,0.959927649,0.450379375,1
2.73033454,0.855816763,1.495961034,1.007216261,0.204410066,1
0.199183672,2.391717083,1.334355584,1.700740571,-0.336232828,1
0.024523149,-0.219305809,1.075182453,1.953707141,0.449882561,1
1.194973952,2.128883627,0.685506115,0.839434688,0.348501753,1
1.775832846,1.03057933,-0.927211785,1.364301227,2.041885427,1
0.217641072,2.387518291,1.322837015,0.625476189,0.975912797,1
0.330150587,0.293611504,0.632180239,1.555437669,0.788404715,1
0.079627736,2.067450654,0.579876143,0.631157342,1.57908627,1
0.478140823,1.985016504,-0.685195836,2.554653681,0.799961679,1
1.382084034,2.805939137,-1.04763079,1.927860028,2.496349815,1
1.432949317,2.776503788,4.012206029,1.226979793,1.039232962,1
-1.069797607,1.057470132,0.686125538,2.284710675,2.087042823,0
0.594887,1.777463014,1.4017189,1.417884272,1.716434609,1
0.276768802,-0.119763484,-0.209064798,0.996878756,0.335283994,0
0.823571649,-1.071146187,1.018711893,1.467262707,1.364279771,0
0.004511736,2.368092045,0.725458611,2.07624828,1.095075727,0
-0.446471396,0.66261516,3.027335553,-0.387082292,3.438100343,1
0.443889523,-0.51556448,0.912884406,1.394379181,-0.440042729,1
2.449168315,0.895583016,1.219836732,0.434742934,0.825023672,1
1.023281345,1.753875074,1.355387585,1.745102229,2.710424304,0
1.356302545,1.070146305,-1.18947828,0.758197598,0.023563895,1
-0.090343804,-1.200021625,1.321719908,0.747081222,1.520973741,0
1.601343524,1.011564978,2.665215992,0.518535846,2.701297888,1
1.156940081,0.428513615,1.194003973,1.342510373,0.265304694,0
0.301899496,0.874542954,2.013693274,1.979499889,-0.573835099,1
1.960597488,0.041296696,0.43154587,1.285069523,-0.236077588,1
-0.318341325,2.224871064,0.090427556,1.176398544,0.037549612,1
1.188578169,-0.700834592,-0.217637705,-0.387650677,0.646467661,1
1.452638385,0.679453867,0.886240697,1.248452902,1.211116316,0
1.136750585,-0.034576632,0.57297792,2.828657386,0.777613758,0
-0.825348374,2.995486061,0.251683051,-0.21331771,0.443457903,0
-0.268595111,-0.393455836,1.298900168,0.122573022,1.935285094,1
0.730169845,1.4894749,1.858173845,0.817782446,0.112726221,0
0.830740646,0.678308302,1.309393648,1.696946942,-0.124216952,0
0.223929275,0.240736592,0.019612481,1.987335276,3.005379025,1
2.943077129,1.328721649,2.550536187,1.100656746,-0.402024331,1
2.365663672,1.039620583,0.105615918,1.470836545,-0.818656978,1
0.739798168,1.24228473,2.697117674,0.925732543,0.225274963,1
2.613031571,-1.705293935,2.082333677,0.60271789,0.322962441,0
0.528162095,1.643517669,-0.925159681,1.826501861,2.191133825,1
1.135596964,2.685944223,-1.397535943,-0.881389883,1.372271268,1
1.729885587,0.495550236,1.56631529,1.179980735,2.668500073,1
1.465925897,3.391471706,0.778922841,3.005920462,1.30676122,1
1.078933143,0.005558626,0.443912741,2.282073566,0.722109066,0
2.100827234,-0.582662821,1.50919933,-0.106908022,0.22852522,0
1.843849281,3.114377171,1.212061694,1.401734207,2.077299776,0
1.738612963,1.283285596,1.638165653,0.435080674,1.291430304,0
1.988404963,0.759883017,-0.972103536,1.144048164,2.740757591,1
2.070113827,2.549504572,1.768449115,1.238834796,0.384619729,0
1.509454796,0.370498678,1.969094472,1.986783385,0.643404969,0
1.994291958,0.48811338,2.191685038,2.009454197,1.996524741,1
1.055399517,1.425884433,2.932898916,1.396078759,0.372525752,1
-0.663124278,0.924131708,0.397376537,-0.439219104,0.930818202,1
0.603244991,0.750626516,1.083990409,3.078816945,-0.066921778,1
0.004788224,-0.404693137,0.452548098,0.4810977,2.533617999,1
2.169941123,1.23165298,1.74445005,0.568109303,2.38401013,0
2.566766734,1.299132578,1.420987118,-0.313613324,0.384144705,0
2.58584078,0.302933143,1.116769302,0.609658995,0.841611672,1
2.196637316,0.959696132,1.571439502,0.997356477,1.376446896,1
1.022272107,0.474465849,0.202043645,0.119108568,-1.018410206,1
2.089702715,1.351466739,2.086198416,0.294242436,0.235921939,1
0.686001834,-0.360179844,-0.139030124,0.447359825,0.247976586,1
2.416267642,1.402523984,0.603490289,-0.132042887,0.83404204,0
1.926348064,-0.482486399,1.162511385,1.963070174,2.249768181,0
-0.880674329,1.18248348,0.937626226,-0.025513089,2.163043634,1
0.276653826,0.49427275,1.429894031,1.597514864,2.284332255,1
-0.212372864,0.399830585,1.447171301,0.036736323,1.181725168,1
0.048457829,1.926327434,0.114865242,1.892088081,0.434978023,1
2.204329776,3.276161842,0.747459316,-1.044907226,2.406874489,0
1.582647927,1.13575622,1.633646959,1.083538487,0.926244433,0
1.504098471,3.024674984,0.448856884,2.18601562,2.428625135,0
2.289394098,0.768255311,-0.033989707,1.93811004,-0.556092416,1
0.894129837,0.236387564,-0.006662821,1.476293947,0.5027094,0
2.097867025,2.045887792,1.697646419,1.957931507,-0.325171343,1
1.116195469,2.856181763,1.642429185,1.931492347,0.970564995,0
2.437380538,-0.427102468,1.210914819,0.26363279,2.923083931,1
0.238477722,-0.83811694,0.287900978,1.700955719,2.546587518,0
0.356452471,0.793904009,0.092288757,0.202192521,2.481223676,0
1.847555119,3.549077399,2.288247647,0.416699971,1.251633441,1
1.593708605,2.07146062,0.183272031,1.38594573,1.217812983,0
-0.253864823,1.114955005,3.058724855,1.271912844,0.593801075,1
1.175755791,2.280967252,-0.758892116,0.430888528,1.249760903,1
-0.712100346,1.836927406,1.00291096,0.126917775,-0.431670345,1
0.294170704,2.459109952,0.968956386,1.377174257,2.016258445,1
0.518171199,0.87327873,0.39981206,2.206492054,0.346614704,1
0.184878624,1.885291765,1.738674929,-0.024579921,0.623567078,1
1.487518097,0.735060507,-0.228291977,1.302825577,1.712605692,1
1.55847389,0.815506825,0.304707023,2.95352247,0.235976538,0
0.791801636,1.923057126,1.64497782,0.776558197,0.36719423,1
0.077241367,2.497840883,0.554245616,-1.837732759,1.93123695,0
0.718227573,0.614766125,1.125516906,0.846104549,0.55406457,1
2.35106397,0.648523022,0.927273762,2.300592942,3.249711765,1
1.111921075,2.779898494,1.563159671,0.758763037,1.031864675,0
0.140482896,1.240110232,0.295405879,2.360725146,2.345597709,1
0.983459304,0.631294325,3.674281324,1.835153831,1.593407782,1
0.900479224,-0.118265469,0.690096034,1.114588439,0.250718864,1
0.824597428,-0.527806273,1.783739876,1.097717632,0.960954211,1
-0.079583358,-0.343670597,1.312757819,0.769872073,2.003455843,1
0.53827686,0.870405228,0.690443321,-1.017989653,0.193280314,0
1.345329597,0.266439265,-0.144571242,-0.25762178,0.742541837,1
0.312457623,1.253823088,2.654801584,1.157679921,1.206804321,1
3.371070509,0.701396087,1.181899563,3.150816062,0.010297046,0
-0.231333124,1.382234684,2.142715091,3.089845248,0.268620693,0
1.64740855,2.701736381,1.565837314,1.730738908,0.384284447,0
-0.54410479,0.435135215,0.473802536,0.573630353,-0.446018617,1
1.289566392,0.819564056,1.943590475,-0.052101642,1.661221691,1
-1.147225177,1.641234966,0.507950635,2.143246067,1.168619143,1
0.674961378,0.754398215,-0.536774089,1.626944142,2.117469733,0
0.806383277,1.18429231,2.302062722,2.314126984,0.215086201,1
1.966119308,1.76010765,1.192924918,-0.229499982,1.887423284,1
2.192112991,1.286506962,0.129982788,1.734927487,0.740873166,0
0.457283472,-0.5561374,-0.856028078,2.658888552,0.654759792,0
1.066500739,1.121275158,3.284609824,-1.178989531,2.712172954,1
1.132715655,1.044949414,1.627198285,-0.023534932,0.611751669,1
0.678587525,0.336783912,1.349503225,-0.845706973,-0.369365539,1
-0.219001041,2.17037682,0.35724637,0.475195451,-0.654780478,0
-0.436612176,0.983092615,0.266394077,-0.644889696,1.569915587,1
3.123186692,1.228041032,2.966213975,3.611440438,1.478199969,1
1.441493778,-0.571645806,2.153819524,0.440959549,0.70872399,1
1.450442223,-0.592478204,0.375576469,0.944335914,2.225085612,0
-0.413314483,-0.386951618,1.267000756,1.708706847,0.645853399,1
2.141608962,1.06811642,-0.178062503,-0.196709944,0.962512455,1
1.417081116,2.144592252,1.470189131,1.188511344,0.759585213,0
0.747720226,1.742281089,0.542397991,1.310235472,1.176399461,1
1.708131281,0.787153555,0.348046884,-0.340912982,0.586733259,0
1.355292348,0.632730531,-0.517309642,1.308869335,0.936878821,0
2.405362717,1.272748143,1.318456103,1.851081415,3.710615844,1
1.448978859,1.376671342,0.783046472,1.062852401,2.309626192,1
1.030899581,0.681038159,2.105247386,2.250036411,0.219633967,1
1.474359569,2.422972389,1.122512987,1.342648181,1.850677088,1
-0.945004938,0.329589557,0.564874248,1.280531199,0.819146749,1
1.136753642,2.201036292,0.379231794,0.895008356,-0.742974936,0
1.095110744,1.036942692,0.634505526,-1.406944103,3.829538298,1
0.146360113,0.936944441,0.036658713,0.850153476,1.634209423,1
-0.529171968,1.225450236,1.290467489,0.424725732,1.357794694,0
2.059955535,0.868864804,0.935409243,0.260839585,0.473895695,1
1.387656128,1.819467882,0.38284857,1.421791404,0.705167032,0
1.195328902,0.779696746,0.86764876,-0.595338037,1.495881466,0
0.481263727,-1.524557562,0.463537636,0.804057241,-0.242657435,1
1.001978536,0.246117818,1.675653586,0.442664927,1.059978711,0
0.457178845,0.295309998,0.595325388,1.696176424,2.381621346,0
-0.803341688,1.757510501,0.160178713,0.441321544,1.873003228,1
1.570923813,1.384520743,1.379735362,1.427896897,-0.001607529,1
1.825693422,0.868279513,0.961042648,2.427446177,-1.070442226,1
0.32582224,1.264358202,1.784595698,-0.887763582,1.270777843,1
1.309268748,1.945702064,1.289585813,1.85130846,1.973732165,0
0.562980061,1.212523338,-0.683272497,2.634384417,0.902650001,1
-1.142940847,1.815128435,1.865630913,0.263542865,-0.243447872,1
-0.532134935,-0.64435416,-1.025913455,0.472822978,1.51884068,1
0.915820817,0.261954369,1.525996798,2.759427921,0.148293966,1
0.450240495,1.015266328,1.465482836,1.534447199,0.13580034,0
1.931874355,0.803096959,2.235560043,1.503055493,0.677456617,1
2.237187293,-0.02031735,0.408431175,0.153144135,2.575167134,1
0.478765723,1.067493239,-0.31124713,0.439100358,1.419826207,1
2.136116338,1.630128007,-0.458048935,1.695382612,0.241171917,1
1.51077107,0.019708667,0.903317638,0.619087691,0.151474037,0
1.227986042,1.842531981,1.145987593,2.064565674,1.476654253,1
2.563060938,1.494697003,1.132191643,0.699801419,0.576087777,0
-0.137234547,1.749910137,1.958743578,1.872040793,-0.20057603,1
-0.231458033,0.724514957,1.084913804,1.907141492,1.564518735,0
0.810233411,2.332355703,2.230767355,-0.098869422,0.776134478,1
-0.736333108,-1.391812094,1.551099428,1.283785666,1.863014493,1
2.267140834,0.943451043,-1.019688384,1.394839446,1.117303743,1
2.207170824,0.975435312,0.209571792,1.434709247,2.108319716,0
2.533556481,-0.346404753,0.460495427,1.984072622,1.966566744,1
1.30497075,0.82517367,1.636030504,0.512243519,1.647597478,1
2.447754782,1.009670576,1.020213856,1.388306515,0.14993869,1
2.238716694,2.199823984,1.547316361,1.561566737,1.157842678,1
-0.51306255,0.949222535,0.965082824,0.966225071,1.870280506,1
-0.047493842,2.724282313,0.563275288,1.32439774,-1.124547737,0
-0.012204017,0.698203078,2.791333375,-0.41735918,1.651834617,1
-0.876142995,0.831224362,1.321392568,-1.141243164,0.741079728,1
2.75490402,-0.925997842,0.442948293,1.315318832,0.264080488,1
1.102699101,0.15112875,0.754007612,1.456181235,1.681995687,0
-0.215018621,1.63431826,-0.691589484,1.28412485,2.324973708,1
1.902514459,0.750896418,2.44526864,0.611685397,1.358988004,0
1.057990922,0.465117991,-0.657967028,0.408698141,1.579863477,0
1.906203717,0.855518357,0.449737845,-0.156797011,1.565671664,1
-0.275581857,1.464522986,-0.105505354,0.09879203,1.557834289,0
1.921746886,0.642710321,2.57798393,2.34936225,1.140222731,0
2.255076303,0.620203213,3.241724384,1.666686389,0.860671659,1
0.982710703,0.954801425,0.699808749,1.166575994,2.996036494,0
-0.259677987,1.442678113,0.835255739,1.902286804,0.585389875,0
1.038156657,1.829880662,1.521400141,-0.402177873,2.630444663,1
0.46705928,1.07969753,1.689462311,0.483989214,0.201713749,0
1.573166957,0.12962181,0.382141806,1.212108063,-0.611119677,1
1.387722846,0.67991444,1.013842642,0.727904837,1.465482051,1
1.372373255,1.182501336,1.083030045,1.228417686,0.539586722,0
0.083499646,0.487089282,1.391470365,1.197977566,2.750291199,1
0.606675527,1.852435762,1.205705455,0.748061117,-0.676147916,1
1.428970144,-0.150451866,3.217716791,1.67074791,1.124797126,0
-0.834513871,1.073269161,1.588416485,1.312179857,2.201713248,1
0.561815453,-1.027404373,-0.005298401,1.138324345,1.554932521,1
2.723908436,2.487560985,0.500818204,-0.054446428,-0.692446549,0
3.10838121,0.160870424,1.381496512,2.080636398,1.692320996,1
-0.377175358,1.517118639,1.422968523,0.074224628,-0.324985396,1
-0.050273237,0.669334775,-0.028710977,1.704848347,1.069667681,1
2.178819314,0.726597794,0.832134437,0.220277403,0.141155367,0
1.354832936,-0.905104223,1.610206797,2.587675844,0.740062807,1
1.678340838,2.189677662,-0.224060977,-1.085577664,-0.132071223,1
0.644363094,1.197840589,0.912802235,1.511547191,0.332630426,0
1.20557912,1.33144125,0.766136028,0.522727226,0.233692375,0
-0.16146934,-0.441301092,1.760872975,1.655936479,1.279273715,1
-0.486142697,-0.401415457,0.586207128,-0.044724854,1.394465825,1
0.016784923,2.101932792,2.72013324,-0.249577239,-0.215909933,1
-0.022557748,-0.624180674,-0.152511818,0.267625082,0.525000046,1
2.395559545,1.225479867,2.312544935,1.670605299,-0.612485277,1
2.957268446,0.820546983,-0.222014595,0.053079094,1.341168812,1
0.580128195,1.938319971,0.859972815,-0.491675191,0.052867025,0
0.768788985,2.054564772,0.880438559,1.996009913,1.806005121,1
2.249725868,1.092566526,2.990256753,2.252075151,0.984125431,1
1.357774296,1.230438077,-1.277870493,1.882835539,1.44902949,0
1.894588784,1.051487958,1.797292403,1.656388305,1.312344186,1
0.226586263,0.025596623,0.444880898,-0.084127881,-0.25323467,1
-0.760654623,0.677867141,1.105984155,0.404217232,-0.452227086,0
1.014896651,1.898773773,-1.207262268,1.044961166,2.42649823,1
1.84961075,-0.365180986,1.26368761,0.333054186,2.072717077,1
1.522346407,2.227413671,1.526283708,1.08644656,0.385265833,1
-1.059867174,1.052260361,-0.230044949,-0.175033094,1.657832404,0
0.526215643,1.337397778,-0.255764797,1.130991779,0.024761933,1
-0.155316183,2.347367516,-1.356874799,-0.638475074,1.316036376,1
0.000635531,0.182830025,1.353537222,1.684051833,1.590247307,1
0.433863415,2.181274529,1.866812984,1.404185426,0.231909013,1
-0.118804783,-0.359097782,0.441129374,0.981888951,1.0014849,1
0.24824989,2.442727619,1.2263342,1.10060928,1.243824369,0
2.810036939,1.682433834,1.392662136,1.401244233,-0.322918343,1
0.853924844,1.045672187,2.056454732,0.930371559,-0.587211671,0
1.393668387,2.016847718,1.11017409,2.164881115,1.000295422,1
0.536322642,-0.100194283,0.869898777,1.212241122,2.963564515,1
1.260846172,0.570148514,3.219604382,0.109022068,1.750989817,0
3.264295107,1.736503562,1.909478035,0.604586531,0.353365837,0
1.578397312,-0.438126938,0.39543532,0.105643529,1.410529857,1
2.01908449,0.495638385,1.980542678,0.320858727,1.980231448,1
-0.01401874,0.574925104,2.125140403,2.775519012,1.631859342,1
0.763729669,1.184178193,-0.012764841,1.05565443,3.171049564,1
1.298465062,1.168392176,2.201902587,1.530619194,-0.606433528,0
1.394322657,2.335050128,-0.002303389,2.572960687,0.443226573,1
1.097189541,1.613048053,0.925447511,0.49251009,1.178623926,1
2.422285209,0.072571407,1.337821824,1.013894034,1.333054848,1
1.503480495,2.030736954,-0.023214341,0.211808373,0.217712476,0
-0.073059323,-0.650516944,1.67764895,1.517237405,1.858776682,1
0.246670447,0.708857063,-0.127011801,-0.436486286,1.475429384,1
1.527965866,1.072553943,1.734876986,1.206197776,0.55443352,0
2.346576787,0.742341357,1.92822056,2.462689715,1.532556724,1
1.501169367,0.628421102,1.825199112,0.639479384,0.353024681,1
0.549220308,-0.274879213,0.297720578,-0.812949198,1.164683773,1
0.983707118,2.011408947,2.878069443,0.855048068,-0.03401929,0
1.801613026,0.11774521,2.036706758,0.006668439,-1.614687283,0
1.495445638,1.50074085,1.67345847,-0.173708116,2.655240096,0
0.784499917,-0.606219745,0.946240772,2.510401516,-0.306820299,0
1.316590689,1.362923919,0.89062573,0.487170821,-0.725541848,0
1.802379801,0.268090738,1.195476324,-0.599177349,0.220275146,0
1.42482723,2.04627516,1.547163474,2.212245433,0.239402194,1
1.191888014,0.795135345,0.270005841,0.034337427,2.4057849,1
-0.500651894,-0.149359625,1.160059055,-0.118200079,0.213228762,1
1.512682465,1.475497398,2.130071752,2.322714572,2.622950207,0
2.056366101,3.693798918,-0.502638246,1.849277639,0.931864919,1
2.452606294,0.026498264,0.578732328,-0.296218975,0.83826998,1
1.914817706,2.758953813,0.805061977,0.535934739,1.157497319,0
-0.302409571,1.312320473,1.188835016,2.05096043,-0.252729583,1
1.123644875,-0.120173484,-0.734645568,-0.913809823,0.231641277,1
-0.595065358,0.393896355,0.793779942,1.252437144,-0.599024465,1
1.787751163,1.130855294,2.068237858,2.008820826,0.460716812,1
-0.122829958,0.811149523,1.467203622,0.937159554,2.607203925,1
0.117259745,0.745119023,1.692834237,1.039641332,1.85532309,0
1.239087806,-0.267009454,0.339715901,1.80772108,-0.547635949,1
3.070051201,2.274890506,0.666822296,-0.848461331,2.657698041,1
1.859870223,1.654754744,2.313615073,1.429259569,1.792948312,0
2.454489449,1.197206874,2.373540208,0.143261512,1.644980071,0
2.275779172,3.110854747,1.598946165,-0.229371239,0.024215475,0
-0.066167355,0.703107034,0.57405465,1.226609599,0.800149269,1
1.134211533,1.003558387,0.167574464,0.423586298,1.468393278,1
-0.246347243,1.655847826,2.370080337,0.6698291,-0.014697295,0
1.832947117,0.760626085,0.489711378,1.550448517,2.010558328,1
0.953987527,-0.319885107,2.29167175,-1.082546272,1.291942612,1
0.860579973,-0.026448118,0.20691148,1.457142836,1.349726525,1
-0.17549314,0.210470755,-0.016677086,-0.558197881,0.2365398,1
1.367720259,1.966648063,1.684296775,0.403344006,0.621090594,1
1.878518304,0.98516791,0.375597824,1.444768423,1.294430339,1
-1.569021278,0.111202209,0.346758961,1.648960099,0.443128213,0
1.751493737,1.847993503,0.946430757,0.348086473,-0.281167601,1
-0.624015216,0.860173387,0.522811561,0.783433883,-0.253834731,1
2.050101293,1.029165669,-1.033594474,-1.482392009,1.319001158,0
2.120132876,0.586384427,-0.003289285,0.62092455,0.465115311,1
2.017732373,0.535025051,2.018260766,2.003475113,2.525910326,0
0.768425146,2.125511512,1.373719708,0.825754512,0.58656207,1
0.711993454,1.227911278,1.885763358,0.368196009,2.562937861,0
0.185406344,0.946322787,1.866656147,1.10329822,0.966115739,1
0.689820993,1.646414147,2.087454264,1.274114681,1.160912149,1
-0.536845536,0.119247364,-1.926317512,1.785168442,1.654732741,0
0.975111605,2.413005759,0.409633991,0.631310716,-0.049594236,1
-0.684291923,1.842314304,-0.43184693,0.268327313,-0.185368671,1
1.904942098,0.707949057,1.181449204,0.528610109,0.478173833,1
-0.224910968,2.709975615,2.264157139,-0.24527904,0.783071635,0
-0.196982045,-0.304570099,0.675539834,0.290764528,1.278260256,1
0.164671778,2.381435585,2.046137147,1.467411009,0.034272995,1
0.560263973,-0.646698417,0.922090885,0.118533221,1.066023748,0
-0.196845252,2.295524169,0.616555599,2.034113127,2.93291672,0
-0.19729558,0.149704781,-0.432627209,0.22846076,2.933505494,0
1.272411507,1.210043539,2.203468907,1.600984012,0.056402228,1
-0.006479369,-0.765110788,2.308947261,0.450862815,0.114415722,1
0.843998471,0.75884089,1.097769626,-0.235289335,2.259027341,0
1.330281434,3.787560381,0.086384858,2.273270573,1.55413907,0
-0.044823002,0.522313038,0.023028978,-0.098113766,0.203861532,0
0.438262433,-0.04651085,0.369482219,3.087453765,1.516413487,1
-0.600031158,-1.165311258,2.698958063,0.333960459,1.482126911,1
1.617603618,3.718394629,1.519742874,2.583067321,0.479224043,0
1.113356116,0.310569185,1.098817038,-1.134356814,0.430519576,0
0.92815997,1.469041778,2.645029041,0.987535416,2.542114375,1
1.400064952,1.822775995,1.580226289,0.743213535,0.580049797,1
1.101675187,1.686988919,0.428222474,1.659008659,0.638702639,1
-0.719908743,0.611607111,0.521067302,2.076225287,0.896667909,1
1.713857531,2.345403645,1.527167181,-0.316196874,-0.408365415,1
2.221369116,0.964915106,0.653883519,1.079795065,1.225734244,0
1.704431782,1.126791137,0.14074833,1.341556063,0.264110359,1
0.461776076,0.195290276,2.057973707,2.191064509,-0.895945167,0
0.735195146,0.870382439,1.863132328,0.398531958,2.217751485,1
1.987226168,1.216673537,1.961501312,1.931200921,1.311567314,0
1.674936699,0.316855891,0.454331189,0.862074594,0.387764178,1
1.946083554,1.650797497,0.219661915,0.961657025,-0.083137936,1
0.950425897,0.93601304,0.740395765,0.276599861,-0.44375202,1
0.66151774,-0.1619737,-1.585620746,1.34506712,1.45959687,1
1.823394403,1.773633116,1.744430772,-0.37094969,-0.172693516,1
-0.070387561,-0.178977004,0.039104357,0.192086607,-0.706076817,1
0.546708027,2.395772017,1.205281225,-0.218191385,2.146738579,0
1.279792066,0.090892769,2.458948805,2.561293598,2.000320711,0
0.074314336,0.888743919,-0.746051226,1.496915313,1.290774742,0
1.222328184,1.876573112,0.813254381,-0.269971214,0.028397104,1
0.433358456,-1.327400996,1.924354096,0.151432034,1.438539284,1
1.66408096,1.649363205,1.124119713,1.65889694,-0.462325819,1
0.494949179,-1.758140645,-1.222088136,1.870439905,1.329466504,1
0.806986472,0.577595749,-1.323216452,0.014206446,0.422379925,1
1.287194343,-0.143866037,1.400456516,0.960798328,0.570627652,0
1.210570958,1.732201017,0.552698207,1.365304808,1.242359697,0
0.039749598,1.633416218,0.866273161,2.665010424,1.433369945,1
-0.337952625,0.775053073,1.783825557,1.487194281,-0.400909132,1
2.888600879,2.179649831,1.286751768,0.438730198,2.127724121,0
3.324752732,0.019519614,-0.984008225,1.432965265,1.337314881,1
1.368482395,1.044877576,1.127063765,0.828646653,1.207074818,1
0.226761273,0.372869727,2.745148482,-0.884687925,0.832458118,0
-0.012938785,3.014222665,0.069446512,-0.005766883,-0.021039298,0
0.135247682,0.084163749,0.335169092,0.297817467,1.157048651,1
0.071100869,1.618086182,2.064311188,1.141572656,1.018615996,1
-0.569914393,0.441840639,1.168217952,-0.424442326,2.383491595,1
0.899074717,1.628388759,1.111670587,0.882086436,2.373871505,0
0.950228574,1.540624154,0.283754434,0.517439873,1.599431778,1
1.791336649,-0.735744796,-1.259994494,0.278771806,2.131958818,0
0.298314342,4.43022571,1.216809507,2.997327983,0.964346376,0
0.571574129,0.258310761,-0.022988806,1.510232495,1.047902487,0
0.665083341,1.862024097,0.045258185,1.208251504,1.63667181,1
1.485890305,0.614775474,0.122716478,0.647860894,1.538237552,1
0.882254071,-0.714962578,-0.556376011,3.38334285,0.814366425,0
1.261358074,2.548939256,0.208874636,1.964277864,0.27182174,0
0.77114366,1.912806888,-0.438170328,1.429744442,1.017353692,0
2.259365925,0.721295843,1.319235153,0.660110676,0.549611175,0
1.694371543,2.722570385,0.565950313,1.655179159,2.143825099,1
3.006016386,1.971267952,-0.768527054,1.893919303,1.537489681,1
-0.441491347,1.749751994,1.438942073,1.760614689,0.909740443,0
-0.324200743,1.331892665,1.581390702,1.310511416,0.906504404,0
1.99899048,1.66012505,0.597089944,0.241977402,0.026098541,0
0.674256305,0.901521095,0.808364374,2.51292352,1.429333773,1
0.189009042,0.606144128,-2.605007919,0.990504949,1.577413583,0
1.739539576,1.170870257,0.718485082,-0.321514955,1.835306955,1
0.267241387,-0.19603318,2.3705886,1.115092359,1.156085604,1
2.554697893,0.139327273,-0.765574948,1.574899144,-0.583823834,1
-0.22227848,1.331984982,0.818184395,0.065337892,-0.765005359,1
0.164082536,0.901732246,0.955897824,3.353478901,2.833304487,1
1.189107286,2.310317867,0.798252154,-0.04781298,-0.643534908,0
1.598486051,0.426260751,0.487080352,1.681696857,1.424531386,0
-0.662857956,-0.130571775,-0.009157896,1.441725686,0.809656106,0
1.144602875,3.178634688,0.042020775,0.918746603,-1.351099351,1
1.382917367,0.367510279,1.055366981,2.514593798,0.847806484,0
0.262606931,2.64068959,0.587601399,-0.507384519,1.699019034,0
0.638565267,2.47843707,0.674199004,0.600958467,0.568417761,1
-0.477396094,0.763077064,1.647912467,1.763431999,1.075882606,0
0.80151773,1.324171171,2.801193235,1.841853172,2.209108252,1
0.808149529,-0.610995573,1.865662164,2.797622814,3.3357831,0
0.554765205,-0.014857002,0.132821856,2.508836794,0.566212503,1
1.112853477,1.25127767,1.188035859,1.550968804,0.98875594,1
3.611880217,0.5017159,0.155363304,0.835860773,1.068228678,1
2.880380851,0.856324499,3.002932969,-0.080044688,0.714692988,0
1.960498596,3.310720706,0.466655769,1.773749004,3.160275097,1
1.943585426,1.565540365,0.804431424,0.251058051,3.167698478,1
2.256984048,0.159323665,-0.091524424,0.651516742,0.134155188,1
1.037176762,1.506001785,1.40068274,2.118053837,1.25036185,1
3.247778662,0.426114959,0.368914844,0.735861409,1.650620648,1
2.083902484,1.890859699,1.181589135,1.545294863,2.045314212,0
1.307848271,1.089474073,1.749736064,0.869885378,0.33869146,1
1.266923794,-0.07716718,0.464328403,2.72346874,1.92696549,0
1.178192388,1.957151581,1.329663316,0.950959376,0.334071632,1
1.975846891,0.625489934,0.293000356,1.294966914,-0.306819934,0
2.202984635,-0.697745471,0.126286201,1.391979668,0.975041666,1
1.123590144,-0.234136909,1.681206274,0.884129322,2.355954684,1
1.636592001,1.86101055,1.38840561,1.653678328,1.034972105,0
1.004455185,2.034541269,0.161456223,1.113892956,0.12258526,0
0.276219625,0.234837025,0.331516011,1.246446089,0.741285811,1
-1.817093975,0.870738254,1.456918599,2.464182742,0.881118772,0
0.582715362,2.089683413,0.160591023,1.284520879,1.559141166,1
0.050139165,1.095967271,-0.283519193,0.950996086,0.751616303,1
2.341294889,1.056743795,-1.685825304,0.610121904,-0.06621469,0
1.432359454,1.216172416,2.105292984,-0.011600957,0.584045638,1
0.415941057,-0.484485979,0.033754644,-0.799828704,1.757690849,1
1.4916829,-0.440345894,1.654224525,3.042610064,0.902495504,1
-1.207965044,1.727043295,0.178840213,1.183163596,0.617939051,0
1.71760138,-0.254596865,0.739729426,1.197456331,-1.009468442,0
0.230334981,2.670974924,0.483957769,-0.610281367,3.104972285,1
1.420208384,0.453706025,1.629118845,0.900210099,1.663694825,1
1.073943374,2.972402016,1.346555644,-1.149568864,0.182588586,1
2.623901273,1.487570565,1.526471277,-0.559672712,2.104093026,0
3.510589917,-0.192891572,0.491683751,2.121838119,1.301346661,1
1.010420244,1.719954043,0.412093396,0.871898864,0.642807593,0
1.367414017,-0.061460021,0.874673613,2.294871957,0.074452687,1
0.990225,-0.237763605,0.783293395,1.432648399,3.340429585,1
1.112602073,1.080201632,0.140095636,1.253960955,1.719317188,1
0.915268111,3.482912422,-0.544959188,0.253562119,0.96332286,0
0.31475162,0.441236566,0.478781484,-0.162716156,2.171211495,1
0.607737684,1.759774474,0.68612543,0.429400144,1.40637167,1
-0.443642928,2.224172224,1.759393168,0.295467044,1.165148512,1
1.086770704,1.700476269,1.552191281,0.607510922,-0.038689911,0
2.860100468,0.420202107,1.272448673,0.344298792,-0.95391999,1
1.153988296,2.213019229,2.989635073,1.316771513,-0.545714394,1
0.033952149,1.702709823,-0.208874431,0.44138542,-0.305276688,0
2.099131721,0.038453715,-1.78982677,-0.510713131,-1.174518225,1
0.372250591,-0.155528318,2.146909901,-0.107322108,0.597902271,1
0.650426622,0.46397562,0.851576254,-0.416559799,-1.030503631,1
0.146195407,0.20753698,0.748981719,0.364740363,2.146646452,0
1.719318176,0.698543291,1.31020427,2.410952758,1.162514846,1
1.039663994,1.960019064,2.652589674,1.527387236,1.45516032,1
-0.291211436,0.747223227,1.398977865,1.540220807,0.940011829,1
1.459659023,0.907185319,1.329558431,1.756075954,1.731781122,0
1.64325952,2.119002397,-1.077877958,2.03302951,1.451944453,1
0.620739404,1.174964265,1.16651729,1.592649618,0.984036563,1
0.203769967,0.007078359,2.58193559,1.360547585,0.266083931,0
-1.47511332,0.026704818,1.621828873,0.310665661,2.289750209,1
0.227795384,0.825294551,0.317035602,1.146071064,-0.302089202,1
-0.119910992,2.143840592,1.190865385,2.636376289,0.241236578,1
2.809278755,0.326531836,0.444447324,-0.385980876,0.984769175,1
1.139700043,2.316991148,0.230162817,1.9112564,1.01066791,0
0.303470426,1.696597165,1.768165475,0.966563157,1.630132824,1
0.87564851,1.547980685,0.673334568,0.79846708,-0.998800943,1
1.212734978,1.658625014,-0.025192124,0.565276379,1.142949558,1
-0.423342121,1.120719118,-0.858027984,0.977767868,-1.355006975,1
0.472148171,0.52055603,-0.184347323,0.986121815,0.503912272,1
-0.586568872,1.123792846,1.289598647,0.575919897,0.994926507,1
1.084959362,2.897607237,0.606993528,1.223070286,0.756864987,0
1.177702816,0.647566034,0.369656489,-0.471603085,1.421884088,1
2.483993289,-0.199828758,0.43347272,1.490079058,1.804716124,1
-0.14238327,0.607886572,1.363986647,1.002287067,0.775162551,1
1.438716767,1.481548521,0.622138566,0.936889986,-0.162229203,1
1.11980718,1.47547207,0.233321497,1.787092583,2.449089925,1
1.624868574,1.541259725,0.759036954,0.134806009,-0.389196173,1
3.303378016,0.860728126,0.036112614,2.580542077,-0.027048007,1
-0.398340379,0.96912398,2.43810561,0.707335183,-0.354247767,1
0.200773167,1.028002392,-1.734921719,1.406043742,2.346980986,0
0.961536332,1.473863401,0.482946074,0.032706714,1.866760187,1
1.773131477,-0.325871696,0.411409909,1.723496674,-0.675498547,1
0.966429296,2.34228932,0.232306957,0.967224505,0.350845443,1
0.598103082,0.848282678,0.828629571,1.279340272,1.765516387,1
2.311395785,0.064361865,-0.453794874,0.081784208,1.908110167,1
1.483437083,2.175946032,1.573195757,0.360259667,0.381557136,0
1.635885269,-0.305817254,0.664913783,-0.395079224,2.13293762,0
0.490138385,-0.540487487,0.81283745,1.346297396,0.418700203,0
-0.190085583,2.362255989,-0.431800691,3.268947908,1.167212855,1
0.905478658,1.402171235,0.72895088,3.600896538,2.255100722,0
0.683703675,0.947292288,0.654136154,2.183755162,1.452529121,1
0.353765611,1.919519351,1.600899283,0.834523157,1.528849427,1
1.747026271,0.727094637,2.344023944,0.986398446,-0.426122629,0
3.611552034,0.608725592,1.559172986,0.514063014,0.362519215,1
0.549049001,-0.12168831,3.143157892,1.304702934,0.455647241,1
0.279906551,0.797133085,-1.000199515,1.23805054,0.264078101,0
0.793180964,0.825975106,0.542738235,1.407074725,-0.792760394,1
3.084765005,1.282928422,1.499781068,1.675630245,-0.619718813,1
-0.486800437,1.861576803,-2.00840035,0.060179627,0.948930239,1
2.357362946,0.933515215,2.028237451,2.385191323,0.302144884,1
0.752935247,0.478219972,1.897566217,-0.07681273,0.281326032,1
0.602658675,1.700397725,1.668185777,1.135259659,1.624834002,0
-0.636917451,1.242210848,2.447601633,1.93570304,1.284405029,1
1.109910072,2.011285055,0.709290639,0.26161994,1.934178227,0
1.240522317,-0.328330576,2.332915606,0.590332742,1.017381323,0
0.612127882,2.052609121,2.413315019,1.146349633,1.160899358,0
-0.524389543,-0.06119203,0.166084466,1.242086881,0.831254151,0
1.021853276,-0.345798037,3.280427282,0.319458625,2.380539417,0
0.808633672,0.2505639,0.658570941,2.424528387,1.008533703,1
1.928948341,0.820893793,-0.421250451,0.995329102,2.185141314,1
0.535082812,0.777708467,1.245292816,1.055429315,0.573928192,0
1.34708331,1.815898446,1.666056663,-0.777278537,2.375570348,0
2.48333272,1.35635342,0.2906315,1.848106558,1.954315443,0
-0.637676548,3.592222923,1.49407552,0.970298929,2.072027709,1
-1.59150094,0.741095435,-0.853006886,0.385916592,0.127845614,1
0.995126668,-0.450552369,2.313115205,2.729478965,1.25412285,1
2.24275794,1.188284983,1.842475293,0.862852398,0.466928212,1
-0.033347342,1.230941275,1.203848186,1.456091703,-0.690795641,1
1.622304312,1.837234157,1.525840367,2.844283893,1.529947144,0
1.518188485,2.35543796,0.17439179,0.150839839,0.146619162,1
2.398356244,0.173954261,1.610823789,2.048267061,0.783802525,0
1.418460334,2.350485059,1.234948167,0.919581794,0.371812142,0
0.313899533,0.60202217,0.956463591,1.578152988,-0.035442158,0
2.088343778,0.134555016,1.829949524,0.032147816,2.452958956,1
1.63853255,1.645737297,-0.358056718,0.75633628,1.533744216,1
1.876339973,0.755512429,0.51111541,0.809802989,1.007137567,0
0.777282265,1.074900998,1.624529804,0.761637667,0.904803815,0
1.230161174,-0.787187926,2.050888183,-0.25904304,-0.505733438,0
2.197805091,0.671884139,0.937753817,1.179134097,0.501032166,1
2.772047206,2.715815307,-0.56649203,0.663236362,1.869249226,1
0.757308272,-0.4893525,0.203922927,-0.212101876,0.988311879,1
2.147500695,1.909656642,1.699563953,0.33119981,1.23714027,0
2.368849265,1.347800127,0.411395765,2.397610966,1.961529152,0
-0.321367324,2.309288763,0.640191079,1.433301149,0.442276878,1
0.972700504,1.873997832,0.899888259,0.636442924,-0.317025732,1
2.16442216,2.724819833,0.52958941,1.528459531,1.500906398,1
0.53613532,1.223923157,0.69725289,0.121956322,0.313739955,1
0.534732545,0.412409934,0.948608656,0.152880301,0.807829874,1
0.583627053,1.758289849,3.095809335,1.804499061,0.858133166,1
1.09137904,1.174808373,2.292649808,1.434079652,-0.119555726,0
2.561071474,0.64377278,0.386881091,-0.11489108,2.274948759,0
1.272628199,-1.281754176,2.912231692,0.926350123,-0.861763126,0
1.836453555,1.827461557,0.584093043,0.86536581,-0.52146729,0
1.321477156,1.991876109,0.401374037,1.444570952,1.427829966,0
-0.069243506,2.018289818,2.0626921,1.893241276,2.195305836,1
0.365158713,1.295286984,1.082920085,1.742855121,-0.119257053,0
0.295316653,-0.071136294,2.161410116,0.628273335,0.716880551,1
2.671961393,-0.175801461,2.625112108,1.417375687,-0.032608887,0
1.190282415,2.428639656,0.203422282,0.876636357,1.132941228,0
-0.139307814,1.445827407,-1.11413942,1.361321188,0.247982849,1
0.561313383,0.795320363,0.76771072,0.735134587,2.647836779,1
-0.025721517,1.451080774,-0.538924619,1.979668115,0.013408471,1
-0.797560507,1.65518042,3.063985579,1.772007413,0.01484722,0
0.243031473,2.50337619,1.377077868,2.427670347,-0.354827719,1
2.319127654,0.473968524,2.40245561,2.68353942,2.913293805,0
0.577786905,2.939882721,2.445933377,0.29723941,1.260307018,1
0.514325473,1.282427382,1.527956071,0.916327844,1.522177237,1
3.093034291,0.066623686,0.039581328,1.990317916,-0.481350272,0
0.733061071,-0.770758039,1.536072484,1.693928057,0.963498446,1
1.548968731,-0.948145641,3.117806578,-0.10119495,0.582549611,0
0.600089874,0.478982284,1.022950451,-0.576449852,2.218177838,1
2.469846383,1.372698741,1.737035537,1.083152352,0.224866969,1
0.079657864,-1.837464131,2.897504646,0.887985425,-0.160836688,1
1.60473572,1.668539443,1.725175032,0.587143908,2.19182577,1
1.458616114,2.003242399,-0.642587969,1.421311663,0.620387037,1
0.394913814,2.085873523,2.532509868,1.070418946,0.525341781,1
0.933986679,1.082421427,-0.743706956,1.564625314,1.50264704,0
0.758956644,1.401367449,1.139227919,3.908546126,1.615502685,0
1.484908946,0.69127142,1.698485276,0.34123182,0.411623113,1
1.459497083,-0.216327298,2.882659263,1.576472716,2.517371821,1
1.03651239,2.545719423,0.887098962,3.599132273,0.860056748,1
2.184030818,0.152237677,2.092742179,0.358912244,-0.82596534,0
-1.945923128,0.891438065,-0.461732197,-0.001891521,1.241077981,0
0.72244424,-0.143842669,1.638693884,0.417117743,0.898412594,1
-0.467714181,1.255096532,0.789244381,-0.366550324,1.528003615,0
0.958958478,0.656342592,1.658480678,2.428722614,-0.284740095,1
1.354036951,0.43983809,1.507527236,1.249272298,1.593594266,1
1.117575363,0.8516975,2.14629994,1.338464573,0.979992819,0
-0.624911848,0.001467252,0.816614715,2.512000971,1.130185097,1
0.697113546,1.670766123,1.395749035,-0.387618332,1.064949138,1
0.128047895,-0.119078365,-0.010931846,1.654340027,0.244970803,1
0.689094815,2.451408861,1.472752152,1.171555831,1.221653321,1
3.317524748,1.229985556,2.599023275,0.071915319,0.722581051,0
1.80963737,0.397813081,0.945006219,0.746008924,0.882624383,1
0.517024712,0.688051642,0.752730642,1.043870898,0.6804076,1
1.162483257,1.128785994,1.403334253,1.355015095,1.615023264,1
1.019053842,0.265588917,-0.388732819,0.621764286,-0.864248171,0
0.894366131,1.391964719,1.556150815,0.377380024,-0.759788891,1
2.393764497,2.997978683,0.616007674,1.273024665,0.403474944,0
0.516872763,-1.007509908,0.713886419,1.868115559,2.805019953,1
0.167338722,1.469084989,1.101694874,2.318529364,-0.666871229,0
-0.247732902,1.19003518,1.729938144,1.24786403,-0.526766255,0
1.837433094,1.113733566,1.321976724,-0.375131393,3.053600062,0
0.030284174,1.79734709,1.33408809,2.493058023,0.881562907,1
0.797995432,1.442490829,2.556556655,-0.757167838,-0.017376792,1
0.286756278,-0.870770716,2.152156991,0.595560794,1.883654785,0
0.974208785,0.258155535,0.488067944,2.419026259,1.422664341,1
0.946042402,2.027378515,1.475110582,0.44724449,1.633878774,1
0.610099348,1.196982132,0.693869318,1.597895154,-0.457258416,1
0.222133428,0.381741062,0.758947872,1.447393645,0.650900596,1
0.630873878,1.543243963,0.068826168,0.652610751,0.828109956,1
0.987675909,0.335875593,0.924868031,1.662687786,2.227989987,0
1.468939759,1.409300765,1.672515974,2.639071126,0.392111277,1
1.164169464,0.654875886,1.724878528,0.259425025,1.385993523,0
2.475640982,1.879728653,-0.194775956,1.413955387,-0.096189125,1
1.912673209,0.400993885,1.637908934,0.708390201,1.927532082,1
0.452470768,0.718870104,0.546746695,0.997315436,0.715559689,1
2.124771123,-0.423429134,-0.165393891,0.772672955,1.168811516,1
1.136422071,0.779328827,1.605052621,1.241370634,-0.011780837,1
-0.127471281,-0.228813359,4.081379045,0.589695048,0.834052173,0
1.706604574,-1.232716989,-1.055323207,1.068537619,0.407847762,1
1.501273032,0.95897341,1.201726125,1.398131943,0.012522396,0
1.693698563,-0.31277541,0.39751689,2.183109986,0.973317116,1
0.103327051,2.024301777,-1.33043034,-0.284500244,1.335419586,1
-0.051907657,0.943290295,-0.390085698,0.057661042,0.95265125,1
0.758951634,1.370267529,1.138179607,0.461867374,3.308197392,1
